﻿{"cameraMode":{"drawMode":0,"name":"Shaded","section":"Shading Mode"},"sceneLighting":false,"audioPlay":false,"sceneViewState":{"showFog":true,"showMaterialUpdate":false,"showSkybox":false,"showFlares":true,"showImageEffects":true,"showParticleSystems":true},"in2DMode":false,"pivot":{"x":0.36933621764183047,"y":0.921527087688446,"z":-0.1918962001800537},"rotation":{"x":0.023803304880857469,"y":0.976158857345581,"z":-0.15684333443641663,"w":0.1481468230485916},"size":1.7270779609680176,"orthographic":false}