﻿{"cameraMode":{"drawMode":0,"name":"Shaded","section":"Shading Mode"},"sceneLighting":true,"audioPlay":false,"sceneViewState":{"showFog":true,"showMaterialUpdate":false,"showSkybox":true,"showFlares":true,"showImageEffects":true,"showParticleSystems":true},"in2DMode":false,"pivot":{"x":-4.049722671508789,"y":-2.2439374923706056,"z":3.587329864501953},"rotation":{"x":0.25746950507164,"y":-0.4158078730106354,"z":0.12399747222661972,"w":0.8633875250816345},"size":18.966596603393556,"orthographic":false}